"2015-06-25 17:12:35 +0900","LastGPNA","Last GP NAさん最新のRANKED_SOLO_5x5戦績はGangplankで7キル3デス20アシストの勝利です 。 http://t.co/SGUKSOQPtd"
"2015-06-25 17:12:37 +0900","rizna_LoL","Suig Doll XDさん最新のNORMAL戦績はMaster Yiで9キル10デス8アシストの敗北です 。 http://t.co/i9HHYcj1AU"
"2015-06-25 17:12:38 +0900","azusa__sf5","Masirooooonさん最新のRANKED_SOLO_5x5戦績はBlitzcrankで3キル6デス21アシストの勝利です 。 http://t.co/I6ZxZujjlR"
"2015-06-25 17:12:38 +0900","gzrzto0jg239mb0","相互フォロー募集中です。　リフォロー100% 。　フォローの輪をみんなでひろげませんか？　 ①  当アカウントをフォロー→②このツイートをリツイート→③当アカウントのフォロアーをフォロー。リツイートするほどあなたのフォロワーが増えます。  #相互フォロー　#フォロバ１００%"
"2015-06-25 17:12:39 +0900","omisama0301miya","家ののありとあらゆる所をＬＤＨで埋め尽くしたい 。"
"2015-06-25 17:12:40 +0900","Prism_Children","EiRu Sさん最新のNORMAL戦績はKarthusで6キル6デス25アシストの勝利です 。 http://t.co/g2JcqbuFS0"
"2015-06-25 17:12:41 +0900","MAHOTO00PINRU","@miiyoutube  言われたら  『大丈夫 ！』って言って、でも。マホトくんが 『大丈夫じゃないだろ、保健室行くよ』 って2人で行くんです  。  #突然の妄想"
"2015-06-25 17:12:41 +0900","NEET3_","THIRORINさん最新のNORMAL戦績はYasuoで10キル13デス5アシストの勝利です 。 http://t.co/mo125iNNsp"
"2015-06-25 17:12:41 +0900","kaji__aki","2015/06/25（木）17:08  長男、初#三者懇談 。 #緊張 してる#顔… https://t.co/Rjw8TxC5As"
"2015-06-25 17:12:44 +0900","sweet_Luv_l0ve","スイーツ好き ♡ スタバ ！   白桃フラペチーノが、バナナクリームフラペチーノや、カスタマイズ 注文方法   ⇒  スタバ ランキング ！ http://t.co/G1K1fxOXWx   ♡ http://t.co/2aBjxLpc65"
"2015-06-25 17:12:44 +0900","J__rou_x","‥  .  もう一度 声が聞きたい 。  もう一度 貴方に逢いたい  。  .  ‥"
"2015-06-25 17:12:45 +0900","kasuta_net","Kasutaさん最新のBOT戦績はLuluで4キル2デス6アシストの勝利です 。 http://t.co/MCUMWu7Tbc"
"2015-06-25 17:12:46 +0900","shanpuu_lol","chinononさん最新のNONE戦績はRumbleで15キル1デス0アシストの勝利です 。 http://t.co/SS6ii8BGcM"
"2015-06-25 17:12:47 +0900","mimochin3","Larischさん最新のRANKED_SOLO_5x5戦績はCaitlynで8キル8デス13アシストの勝利です 。 http://t.co/jc6pMTvX5z"
"2015-06-25 17:12:52 +0900","___Saak","腹減   ッたなあ   、 誰か 住み込みで 俺の   執事 か メイド か 遣  ッて呉 れ無 え哉     〜 つて  。 そ ンな戯言  は 置いといて  浮上        、 リプライ 返してき   ます"
"2015-06-25 17:12:52 +0900","4Nagichan","昨日getしてきたの〜♡♡  #スタバ#スターバックス#スタバカード #アリスアンドオリビア #starbucks#alceandolivia https://t.co/Xf9za8RVp9"
"2015-06-25 17:12:52 +0900","reichan_SA","Laura 0w0さん最新のRANKED_SOLO_5x5戦績はAhriで4キル8デス4アシストの敗北です 。 http://t.co/o2dA1nB2mu"
"2015-06-25 17:12:53 +0900","pqtttttt","@Nzzzq      そう か    俺 小瀧 やるし 其方 フォローする 倭 。"
"2015-06-25 17:12:53 +0900","tsu___nami","tsunachincoさん最新のRANKED_SOLO_5x5戦績はCho Gathで5キル9デス2アシストの敗北です 。 http://t.co/J3GrNHSrFp"
"2015-06-25 17:12:55 +0900","1goki","1goki さん最新のNORMAL戦績はNasusで1キル1デス0アシストの敗北です 。 http://t.co/l6uRqnKadU"
"2015-06-25 17:12:57 +0900","___nnkk___o","@mxqyx ..    そっか      。   （）  怒られたく  無い   殻    俺が     怒る    。     #"
"2015-06-25 17:12:59 +0900","shine_Lie","痕消えちゃった 。 http://t.co/8d8Qs5y6sb"
"2015-06-25 17:13:01 +0900","noriven02","noriven02さん最新のNORMAL戦績はRivenで7キル3デス6アシストの勝利です 。 http://t.co/CRicCKVQCM"
"2015-06-25 17:13:01 +0900","mas_tAka_Nr","@____XX0X  _  生意気なのは くー だよ  。"
"2015-06-25 17:13:04 +0900","chiffon_coco","1a Petite Sireneさん最新のARAM_UNRANKED_5x5戦績はSivirで2キル12デス15アシストの敗北です 。 http://t.co/yiiQrIFYms"
"2015-06-25 17:13:05 +0900","y82ix_Tn",".   貴重などやり 。 （"
"2015-06-25 17:13:06 +0900","mrf_m_","Garubobonさん最新のNORMAL戦績はMaster Yiで4キル3デス6アシストの勝利です 。 http://t.co/B9zjgMsxKk"
"2015-06-25 17:13:12 +0900","ldh_hntt","毎年 毎年 地味〜に高くなっていきよるやん 値上がり 値上がり 値上がり 。  【 税別 11000 円 】"
"2015-06-25 17:13:15 +0900","maochan316","Maochanさん最新のRANKED_SOLO_5x5戦績はLeonaで4キル6デス22アシストの敗北です 。 http://t.co/XK0FIbSKvU"
"2015-06-25 17:13:17 +0900","maonyan316","MOmOmaoPさん最新のRANKED_SOLO_5x5戦績はLeonaで4キル6デス22アシストの敗北です 。 http://t.co/aBELDUNgO6"
"2015-06-25 17:13:18 +0900","Niche_lol","Niche9さん最新のRANKED_SOLO_5x5戦績はFizzで9キル7デス12アシストの敗北です 。 http://t.co/agcuFdfbkw"
"2015-06-25 17:13:22 +0900","kyun_k617","**  　辛くなったら   、 甘えていいよ   。 　もっと俺のこと頼って   …   ？  ."
"2015-06-25 17:13:23 +0900","yota_us","yotayotaさん最新のNORMAL戦績はShyvanaで9キル4デス9アシストの勝利です 。 http://t.co/riMBh2Qckt"
"2015-06-25 17:13:25 +0900","siri_puu","Siri Puuさん最新のARAM_UNRANKED_5x5戦績はCho Gathで11キル8デス7アシストの敗北です 。 http://t.co/JxQSYlxKD4"
"2015-06-25 17:13:26 +0900","Missmattin","MissRutileさん最新のRANKED_SOLO_5x5戦績はBlitzcrankで5キル4デス15アシストの敗北です 。 http://t.co/C1QkBF9MlE"
"2015-06-25 17:13:31 +0900","xxxoo_oo",".  .   其の笑顔   、其の泣顔     _______  全部  愛おしい   。  .  .  「  ‥ そんな煽んなよ 、止まん無え  」  .  .     灯に照らされ乱れる君は          ″  狂う程 綺麗で 可愛くて  ‥  ″  R▶️▶️▶️F"
"2015-06-25 17:13:35 +0900","yana2d","Nagi7さん最新のRANKED_SOLO_5x5戦績はMalphiteで7キル1デス11アシストの勝利です 。 http://t.co/tCsTPeLCxq"
"2015-06-25 17:13:36 +0900","suu_ync61","最近毎日頭痛 。 頭痛が恋人みたいな 。 全く嬉シク綯い"
"2015-06-25 17:13:37 +0900","LH420b","☪.   ✡ 魅力アピール  中国語で夜明けの 鹿という名前を持った ヴォーカル 、ダンスの 兼業者 。国籍は中国 。  » Ceci 6月号"
"2015-06-25 17:13:38 +0900","Nyao_jp","JackFrostnさん最新のARAM_UNRANKED_5x5戦績はWarwickで4キル8デス25アシストの敗北です 。 http://t.co/oRM4Fk8HvT"
"2015-06-25 17:13:40 +0900","__mk26","ぱっとみ中田翔だったけど普通に観光客の白パン履いたおっさんだった 。"
"2015-06-25 17:13:41 +0900","perumo7181","perumoさん最新のNORMAL戦績はRumbleで8キル0デス7アシストの勝利です 。 http://t.co/foXNgnWOrv"
"2015-06-25 17:13:51 +0900","shitei_love59","@FruitMgm   う ん ち ょ 。"
"2015-06-25 17:13:53 +0900","akiitigo08","akiitigo11さん最新のNORMAL戦績はNidaleeで7キル8デス8アシストの勝利です 。 http://t.co/f2ZUpdvq2y"
"2015-06-25 17:13:54 +0900","JSB_7xxx0312","https://t.co/MPI31KeLbN   拡散お願いします （ ;  ; ）"
"2015-06-25 17:13:56 +0900","VIVID_WEST_","♚   只今   。  @Junta"
"2015-06-25 17:14:00 +0900","roaring_dog","大魔神に捧ぐ→  ふわふわパンケーキに濃厚ココナッツソースと香ばしいナッツを合わせた「T’s パンケーキ ナッティーココナッツ」などトロピカルな新商品5種類をタリーズで食べてきた - GIGAZINE http://t.co/NlczueFDG7"
"2015-06-25 17:14:03 +0900","ABKanade","@GIAKNlNE おはよう、@opanthu3 。"
"2015-06-25 17:14:06 +0900","mas_tAka_Nr","@msdssx  _  俺が居るから1人じゃないだろ  。  何だよ  、可愛いな  。"
"2015-06-25 17:14:06 +0900","petite38petite","練習 。  #レジン  #ハンドメイド #ハンドメイド好きさんと繋がりたい http://t.co/Zm5Uo6HccQ"
"2015-06-25 17:14:10 +0900","daisuki_wankou","犬税はありますが、猫やウサギなど他の動物の飼育には、税金はありません 。"
"2015-06-25 17:14:11 +0900","_perox","Final Boss Annieさん最新のRANKED_SOLO_5x5戦績はAnnieで4キル9デス11アシストの敗北です 。 http://t.co/Mu5wjbKGh9"
"2015-06-25 17:14:11 +0900","shopping1111111","【猫のつめとぎ iCat】カラフルなドット柄がかわいい猫型つめとぎ。表裏で色が違うのでお好きな向きで使ってね 。   http://t.co/0EJNx964ph   #猫"
"2015-06-25 17:14:12 +0900","IceDanish","IceDanishさん最新のRANKED_SOLO_5x5戦績はGnarで3キル7デス8アシストの敗北です 。 http://t.co/WWGfLrHLIJ"
"2015-06-25 17:14:13 +0900","xxxoo_oo","仕事行って来ます     。        リプは帰って殻で       拡散は  広めて呉れると助かる     宜しく頼んだ"
"2015-06-25 17:14:20 +0900","antena_7th","@kouchan_bot 全　く　分　か　ら　な　い　。"
"2015-06-25 17:14:20 +0900","Fuji_Ryuse08","° 定期 。  男装しています！ というより、普通にしているのに 男装です(人･_･)♡ 無理な方はリムってください←  そして！ 顔真似、声真似   垢  【 @ Ymd_Kei05 】  もよろしくお願いします！"
"2015-06-25 17:14:22 +0900","makoto4saba","MickeyMOFさん最新のNORMAL戦績はKatarinaで7キル5デス2アシストの敗北です 。 http://t.co/0JY7kzRyfI"
"2015-06-25 17:14:22 +0900","I988IOI7","@O125_8Z  【  　　　　な　~　んか御話しましょ　、　ふふ　。  】"
"2015-06-25 17:14:25 +0900","hirano129_t",".  Twitterの通知がこうへん 何でや ~ 。  ."
"2015-06-25 17:14:26 +0900","9555003","相互フォロー大募集♪(*^^*) 。 http://t.co/GwUbxQv7Ay #follow #followme #deai"
"2015-06-25 17:14:28 +0900","___hrjp","明日から 3days 岡山！😌💕  たのしみだ〜な〜 。"
"2015-06-25 17:14:33 +0900","longhairguy_LoL","Pig666Destroyerさん最新のNORMAL戦績はBrandで9キル3デス5アシストの勝利です 。 http://t.co/DYkbsMND3N"
"2015-06-25 17:14:34 +0900","mas_tAka_Nr","@msdssx  _  はい  、餓鬼扱いしない  。"
"2015-06-25 17:14:34 +0900","meiton_H10","。 / MEITONキャス!! http://t.co/iBsDpr7fep"
"2015-06-25 17:14:34 +0900","puchipuchi_tara","誕生日祝われるってうれしいよね 。 わたし誕生日早すぎるせいで ｢誕生日いつ ? (((o(｡•ω•｡)o)))｣ って聞かれる頃にはもう終わってることが 多いのです 。ｼｸｼｸ 。"
"2015-06-25 17:14:35 +0900","winterjsw","@3wup5r9ef4mn この抹茶のためにSTARBUCKSに行きそこねたショックを、隠せずにいる。"
"2015-06-25 17:14:38 +0900","536712668423","Im kenjjさん最新のNORMAL戦績はAniviaで13キル6デス6アシストの敗北です 。 http://t.co/9SpWO8m3aR"
"2015-06-25 17:14:46 +0900","inugami_tom","成人式で袴の人って充実してそうだなーって思う 。   個人的裏山"
"2015-06-25 17:14:47 +0900","kingarthur_kazu","@ral_jrsm  ババア スタバ ババア ばばばば あばばばば乁( ˙ ω˙乁)"
"2015-06-25 17:14:47 +0900","JiAiuueo1730","@sexyboys5_0805   検索から失礼します 。 お譲りのみは考えていないでしょうか？"
"2015-06-25 17:14:52 +0900","besseihantai","原発が危険なのではない。ずさんな管理が危険なのだ 。"
"2015-06-25 17:14:56 +0900","_FKnife","Fknifeさん最新のNORMAL戦績はGarenで12キル10デス6アシストの勝利です 。 http://t.co/SrA8kRCJSu"
"2015-06-25 17:14:56 +0900","mas_tAka_Nr","@s___k_xxx_kato  _  喜ぶところ  、可愛い  。"
"2015-06-25 17:14:57 +0900","tatumoto","tatumotoさん最新のNORMAL戦績はSejuaniで0キル5デス0アシストの敗北です 。 http://t.co/kYGndBGgka"
"2015-06-25 17:14:59 +0900","sutaba100cs_bot","やる気を回復したいコーヒータイムにどうぞ♪→→→　　　http://t.co/jaU65FHAUT ##タンブラーカバー #スタバ　#台紙"
"2015-06-25 17:14:59 +0900","t_____u_104","♢  　　　やっぱり此処も垢移動 　　　仕様か　 。　偶にしか 　　　来れ無いっと思う卦度　。  ♢"
"2015-06-25 17:15:00 +0900","_____sa__","とやみどりがくれた 、 マイメロディ風うさぎ 。 http://t.co/tCZKJbS2Oc"
"2015-06-25 17:15:00 +0900","ym_tooo","あんり と表参道 ~ 。 Kis-My-Gallery に付き合って貰いました 沢山 歩いた 、笑  サンニブで服も買えたし ☺ お金消えたなあ 💸 いつも有難う 。  (    @1540cm    ) http://t.co/YEHa3xaSlI"
"2015-06-25 17:15:02 +0900","ksxykr","@_____Non__K  依存しちゃｯた   こンな  に 依存したﾉは  貴方が  初めて 傳   私  ﾉ  貴方   貴方 ﾉ  私   なンちゃｯて  〜  。  だ ｯ て 貴方  モテそう じゃン  。ぷんすか  。"
"2015-06-25 17:15:02 +0900","__a_msk","@yurikz_lv   5時30分なったら起こして 。"
"2015-06-25 17:15:05 +0900","resiram517","@Keito__t  うむ　こんにちは@ okky_jonro99 。"
"2015-06-25 17:15:06 +0900","music_yuckeyK4","@REMI___x   .. ん 、悪かった 。 ("
"2015-06-25 17:15:07 +0900","Rala_bocchi","@DJ_TSUGARU 。"
"2015-06-25 17:15:08 +0900","MiyuUchiyama","yesterday...💭  Starbucks Coffee  It was delicious!!!!!!!😋💘 mom thx(muah💋 http://t.co/BFQeEYfMOO"
"2015-06-25 17:15:09 +0900","follow_love77","１００ＧＢを超える大容量ディスク。マルチドメイン、MySQLなど全て無制限。CGI・PHPを大幅に高速化するXキャッシュ機能 。　http://t.co/BIx3iVvf80"
"2015-06-25 17:15:10 +0900","migimiminono","OCtarezouOCさん最新のNORMAL戦績はAmumuで2キル2デス8アシストの勝利です 。 http://t.co/6sFVIoiP7w"
"2015-06-25 17:15:10 +0900","__I2O8x","@wxmy9   ㅤ　　ㅤ　　褒めちゃいましたよう  。  ㅤ　　ㅤ　　良かった  〜"
"2015-06-25 17:15:11 +0900","___ayanomi3jsb","えーね先輩が譲ってくれたのに 習い事で行けなくなったっていう 。 はよやめたいねんけど、つら。 会いたかってんけど、つらぁああ。"
"2015-06-25 17:15:12 +0900","indojin_","゜　。 ╰ω╯　。 ゜　╰ω╯ 。　゜ 。╰ω╯ 。　゜╰ω╯　。　゜ 。 。　゜　╰ω╯　。　╰ω╯　゜。 ╰ω╯ 。　╰ω╯　。 ゜　╰ω╯ 。 。　゜ 。　╰ω╯　。 ゜ 。　└( ω )┘ ﾌｫｵｵきんたまが降ってきた！"
"2015-06-25 17:15:12 +0900","kaochanauto","LINEスタンプ みなさん早速使っていただいて ありがとうございます 。先方さまに 嫌がられてるでしょうけど 。わたしも 使ってみてますが いまいち 使えないもの ばかりです 。 http://t.co/YnM1O8c1Y5"
"2015-06-25 17:15:17 +0900","saki_sama_kami","matukosamaさん最新のNORMAL戦績はKatarinaで2キル5デス5アシストの敗北です 。 http://t.co/YZ2vZXn9L9"
"2015-06-25 17:15:17 +0900","Eighter_Jas_Ge","規制線さ 、１番前の人だけが悪いんじゃないと思う 。後ろの人に押されて…って人もいると思う 。"
"2015-06-25 17:15:19 +0900","97BTSRP","@CTN94Bt   スジョンヌナアニョハセヨ 、 御迎え有難うございました @/91BTSRP に移動してるので 時間ある時にフォローお願い しますね 。  /"
"2015-06-25 17:15:20 +0900","nucehusiwam","スターバックス 旧ロゴ マグ グラス キャニスター 限定福袋 コーヒービーンズロゴカップトールショートロゴロゴコースター限定VIA＆ロゴ両面プリントカップの合計6点セットです。(全て元払…22 0件 http://t.co/NpV7IWYAvo"
"2015-06-25 17:15:26 +0900","se___nnnnna","ばいと頑張られへん 〜 (｡・・｡) 若干頑張ろ 。"
"2015-06-25 17:15:29 +0900","smartchi_bot","@_t_m_gogo おはよう、としお @san16054564 。　よく眠れたかい？"
"2015-06-25 17:15:30 +0900","unshavenbear","I m at Starbucks Coffee 梅田蔦屋書店 in 大阪市  大阪府 http://t.co/88jPv1qjDZ"
"2015-06-25 17:15:31 +0900","0917kixxxlove","あああああ、 やぱいちごが悪くなるかんじ  ?  笑   強がり過ぎて 壊れそう     。  過去と重なるって苦しいね   。  もう  逃げてしまいたい   。"
"2015-06-25 17:15:31 +0900","_xxxss","@__IIISSARS   ふは、 待ってましたよ  。  有難"
"2015-06-25 17:15:35 +0900","ss2red","11/5にアカウント消します  。 別垢あるので   、もし知りたい人居たら声掛けてね  。"
"2015-06-25 17:15:36 +0900","axax_a001","花火したい 。  花火に点火するとき 「ちょ、こっち向けたらあかん！」 って言われる 。のに 毎回やってしまうあれ 。"
"2015-06-25 17:15:38 +0900","shineenig","@o_twinkle 。 え？私の誕生日いないのー？😭😭"
"2015-06-25 17:15:39 +0900","XIIXIOO","@_o0o0o0o0o0o0o   芋   は    好き 。"
"2015-06-25 17:15:40 +0900","GUN_3JSB_k","。       ／⌒ヽ  　　/　´_ゝ`）ちょっと 　　|　 　　/ 　通ります 　　|　/|　/ 　  /　/  | /   　Ｕ　 .Ｕ"
"2015-06-25 17:15:42 +0900","mililyyy","横のババアうるさい、だまれ 。"
"2015-06-25 17:15:43 +0900","fryu__no_818","@___K___e__0029   ほんまおおきにな 。 応援してくれる人が居ると嬉しいもんやな〜。"
"2015-06-25 17:15:44 +0900","HappyVirus92050","テテの手はでかい  。 http://t.co/9GNmy9rgA2"
"2015-06-25 17:15:49 +0900","amakaragirls","返信遅くなっても 、 絶対キャンセルしません 。  本気でお願いします 。  拡散してくれた方 ありがとうございます 。  https://t.co/uSS4l7xjA6"
"2015-06-25 17:15:49 +0900","Shisayajon","STARBUCKS COFFEE  MANGO JELLY FRAPPUCCINO http://t.co/c4WvbahP1h"
"2015-06-25 17:15:51 +0900","_PsX0","⊂(  ˘ω˘  )彡 単位単位 ⌒⌒～∪ ⌒～～⌒ ～～～〜〜～～～ 　川 単位　　　　川 　　　　　単位 　　　川 　　単位  ヽ(  ˘ω˘  )ノ 　　 ノヘ 　＜  ﾌｵｵ！単位が空から降ってきた！ 　　　o 　　　。 　＜⌒／ヽ-､_＿_ ／＜_/＿＿＿＿／"
"2015-06-25 17:15:55 +0900","mikazeshion","Nasuboyさん最新のRANKED_SOLO_5x5戦績はNautilusで2キル0デス14アシストの勝利です 。 http://t.co/QYZqWER41x"
"2015-06-25 17:15:56 +0900","chamymd","。  ♔ ♡ * ･ 午後の涼介TIME  ･ * ♡ ♔  0509。"
"2015-06-25 17:15:57 +0900","eikitoyoshima","。　 【完結】絶対に負けられない、女たちの美とプライドを賭けた髪相撲の戦い…ついに決着　http://t.co/6cHAfhnAhc　http://t.co/9xC8tUzSPb #動画　#戦い #髪の毛"
"2015-06-25 17:15:57 +0900","llkllXKI","汚無ｪ　　。　　俺弐近付ク那　　糞女　　。"
"2015-06-25 17:15:57 +0900","te32686282",".              ■    K O Y A M A  T I M E   □           天然 な キミ が  すき    。  ."
"2015-06-25 17:15:58 +0900","naru2102",".  みんな進学で都会に行っちゃう 。  自分で決めたけど、やっぱりまだまだ 学生生活送りたかったな  🌿 . まだ決まったわけではないけど ◎  私も都会に住みたいわ ~  ."
"2015-06-25 17:15:58 +0900","Stealth19321010","@lucky1dog_bot  はいはい、ジャンさんですよー……あれ、呼んでない？ ラッキードッグ1/コピペ&amp;ネタbot 。"
"2015-06-25 17:16:00 +0900","ayuka_69","しかも、顔ファンてかっこいいから好きって事やろ？  そんなんゆーたら 、横もすばるもヒナもマルも安も かっこいーんやから、みんな顔ファンになる 。"
"2015-06-25 17:16:03 +0900","ko911ha","部活は外周１５周で終わり 。  やけど 、２.３周多く走ってたっていう真実😭   何周走ったかわからんくなって キャプテンについていってたら 、 キャプテンは１年生が全員終わるまで 走ろうと思ってたらしい 。  そりゃ一緒にスタートした子たちも おらんくなるよね"
"2015-06-25 17:16:04 +0900","iwasa003","Ａ__Ａ は？ 　　(o・ω・) 10万ボルト？ /ヽヘし ! 自分で出せよ ＼/ヽｕ─ｕ’”   。 ゜　 。◑　。 ゜ ◑ 。Ａ__Ａ ちょ！ 　　(o・ω・;) ボール投げんな！ /ヽヘし ! ◓　。 やめろ！ ＼/ヽｕ─ｕ’”◓ ゜　◐  ◒　。゜"
"2015-06-25 17:16:06 +0900","MgdBb88","お金なかったけど アイス食べたかったから ガリガリ君買って まさかの当たった 。 こんなところで 運使いたくない 〜 😂😂"
"2015-06-25 17:16:08 +0900","O212__R","上辺 嫌い  、# 上辺さん ぐっばい 。"
"2015-06-25 17:16:14 +0900","6key_","あ   、 1000  まで もう直ぐ  。"
"2015-06-25 17:16:15 +0900","_lacul","集客率の理由はココにあり？スターバックスコーヒーのBGMへのこだわり http://t.co/NpzegjlfAy"
"2015-06-25 17:16:17 +0900","hip_pop25","@haruoooflower  そ れ な 。"
"2015-06-25 17:16:23 +0900","kakakarubi","HTKBさん最新のCAP_5x5戦績はVladimirで5キル11デス11アシストの敗北です 。 http://t.co/Q0tSkOQfvY"
"2015-06-25 17:16:23 +0900","shigeai_O826","【定期】      『  夢 は 見 る も の じ ゃ な い 、                                  叶 え る も の 。  』               山田涼介くんの お時間です✧✧"
"2015-06-25 17:16:24 +0900","____R8694","昨日バイトで買えなくて 、本屋はしごしまくってやっと買えた 😔💓 安心 。"
"2015-06-25 17:16:29 +0900","kishoku07tcr","業界唯一の #IT ・ #インターネット 業界専門の #人材紹介 会社。業界のみで2000社と取引。#非公開求人情報 。ワークポートの #転職 支援サービスは、お仕事紹介、 #職務経歴書 添削、 #面接 対策、#年収交渉 。 http://t.co/JP9CLyjukr"
"2015-06-25 17:16:30 +0900","sasaeru_taisetu","好きな人の隣で笑えること、当たり前じゃないよ 。 どれも全部当たり前なんかじゃないよ 。 当たり前なことなんてひとつもないんだよ 。 http://t.co/mZx3xOb5IM"
"2015-06-25 17:16:32 +0900","0917kixxxlove","はじめに  裏切るの 誰だ   。  大丈夫   信じてないから  んは。"
"2015-06-25 17:16:33 +0900","uraurasougo101","（相互フォロー）を希望される方が集まるアカウントです→①「当アカウントをフォロー」→ ②「このツイートをリツイート」→③「フォローされている人をフォロー」みなさんが リツイートしてくれると新規フォロワーが増える仕組みです。自動フォローですフォロワーをふやしましょう 。"
"2015-06-25 17:16:37 +0900","natuki20010313","病院早く終わった 。"
"2015-06-25 17:16:37 +0900","____S_Only","最近大森茂雄さん見ては泣いてる 。予告で少ないし下手したら無い予告もあるけど観る度に好きが溢れる 。渋さんより湧いてしまってるから今回のジャニ勉の番協当たらん気がする 。"
"2015-06-25 17:16:37 +0900","_pen_chan_","最近、見事に男の人を見ても かっこいいとも思わへんし、 トキメキもない (笑) いやー、恋の力は素晴らしい 。  p.s. 関ジャニ∞は、神の域に到達してるから、別世界です。"
"2015-06-25 17:16:46 +0900","Index_Alter_Ego","MokujiGodさん最新のRANKED_SOLO_5x5戦績はNautilusで2キル4デス14アシストの勝利です 。 http://t.co/nRfmomagZe"
"2015-06-25 17:16:46 +0900","oyafura","◆こじはるの天才すぎるエピソード 今日のイベントの目標は？「スタンディングオーベーションになるくらい頑張る」しかしファンは元から立見 。"
"2015-06-25 17:16:47 +0900","ks37t5","#yamadsahyui ← #アメブロ の著者にお知らせ。許可なく私の名前を使用禁止。何度も #警告 。 #シュフティ #ランサーズ 身元不明の #ストーカー http://t.co/yodU5eDh1D http://t.co/Hfvczn8X0Z"
"2015-06-25 17:16:48 +0900","___Saak","@green_masa24      了解       、 可愛い  渾名  有難う     。 俺は    何て呼ぼう   哉"
"2015-06-25 17:16:50 +0900","Ooh2C","@luv6327   そ〜 。"
"2015-06-25 17:16:54 +0900","pp_okm","テニミュもあみゅめんもD2もだーいすきです (ノ)ω(ヾ)   定期です 。 。"
"2015-06-25 17:17:01 +0900","02Sagara02","つまらんもんは つまらん 。 何しても つまらんしなあ 明日 学校やん だる 。 行かんとこと 思ったけど 申し込みせなアカンねんなあ でも 何もしたくない"
"2015-06-25 17:17:01 +0900","MiyuUchiyama","yesterday...💭  Starbucks Coffee  It was delicious!!!!!!!😋💘 mom thx(muah💋 http://t.co/cFWz02qeX8"
"2015-06-25 17:17:02 +0900","95Sa1024","New item💫 待ってました。 発売日間違えたけど… 2015.06.24 #starbucks #alice+olivia @ スターバックス コーヒー 九段下店 https://t.co/wFEmtWXmm0"
"2015-06-25 17:17:02 +0900","djbuttertokyo","ヘスティアちゃん！！！！ https://t.co/P30Y8HAuvc"
"2015-06-25 17:17:05 +0900","yuuuuki_430","いろいろ 疲れた  〜  。  ゲオ行かないと  〜  。。"
"2015-06-25 17:17:09 +0900","___Saak","@OOONNHOO    ン  は 、 其れ は 初めて     。 可愛い   渾名有難う      、"
"2015-06-25 17:17:11 +0900","______o51666",".  阿寒 。   今迄 、心配してた俺が馬鹿みたい なんか 、あの一言で安心した  ."
"2015-06-25 17:17:14 +0900","papas_bot","@goisgod_810114 あ、すまない。急用を思い出してしまった。また後でゆっくり話をさせてくれ、神隠し@Kohta_F1 。"
"2015-06-25 17:17:16 +0900","mtsn89","☞♡♡♡☜ Nず (なつみ なみ なお) ？？？〜 自然と出来たグループ 。 活発な訳ではないけど 絡む絡む 。 ついったの通知は 大体 この子達 。 愛しくてしょうがないね〜〜 ！"
"2015-06-25 17:17:16 +0900","kokuhaku_kato","もっと俺に寄れ…/ 他の男に見られてる. 。"
"2015-06-25 17:17:16 +0900","TarskipA","- - - - 1 7 : 0 9 - - - -     山 田 ク ン  た い む ☆ . 。   / Part 2 /"
"2015-06-25 17:17:17 +0900","ama_ama_wtam","@XIIXIOO  なんとなくとか 。 適当かよ ！"
"2015-06-25 17:17:18 +0900","tankenLoL","t4nkenさん最新のARAM_UNRANKED_5x5戦績はBlitzcrankで4キル2デス14アシストの勝利です 。 http://t.co/taQDX3PruV"
"2015-06-25 17:17:19 +0900","_____5smile","@AA__n_r   わあ 、 残念 (´･ω･｀) またの機会に絶対会おうね 。  部活 がんばってね ！！"
"2015-06-25 17:17:28 +0900","___C_0","いまなら 、きゃすきゃすできるけど 。  安定たちがいないんです"
"2015-06-25 17:17:29 +0900","tweetmagic7","となりの席のｶﾞﾝﾀﾞﾑｵﾀｸが授業中うざかったので、  「あんたの存在そのものがうっとうしいんだよ！！」   と言ったら、 なんだか気に入られてしまった 。"
"2015-06-25 17:17:30 +0900","msirg_4","拡散  宜しく    。  ッて過疎だったな"
"2015-06-25 17:17:31 +0900","No_______61","@L7790bot   ルハニヒョン辞めたら 俺も辞めちゃうぐらい ルハニヒョン好きです だから辞めないで下さい  何か理由が有るなら 引き止めないですけど  。"
"2015-06-25 17:17:31 +0900","yula_hono10","ブログ更新しました☺︎  「 て す と べ ん き ょ う 。 」  http://t.co/17TVlILE86"
"2015-06-25 17:17:31 +0900","tsnd0915","貴方が潰されたらどうですか 。"
"2015-06-25 17:17:36 +0900","veilup_tricone","@funao_y お兄ちゃんいいですね…！　ではほゆさんのところにも来ますように～ 　　* ``・* 。 　　| 　　　`*。    ｡  ∩　　　　* +　(＾ω＾)　*｡+ﾟ `*｡ ヽ、　つ*ﾟ* 　`・+｡*・  ﾟ⊃+ﾟ 　　☆　  ∪~ ｡*ﾟ 　　`・+｡*・ ﾟ"
"2015-06-25 17:17:38 +0900","jo_jin","スタバなう！こんなに早く帰宅出来るとは思わなかった。　#starbucks_jp　#starbucks https://t.co/D9NLF1nXQG"
"2015-06-25 17:17:39 +0900","os_94B","@___  此れが距離を置くという事なんですかね 。"
"2015-06-25 17:17:51 +0900","gokusire","#インテリア 、まずは #ショップ へ足を運べ #家具 #雑貨 インテリアを買うなら、まずはショップへ。好きなものが見つかったら満足。見て楽しむインテリア #ライフ 。 http://t.co/zIqdrpxA96"
"2015-06-25 17:17:53 +0900","0917kixxxlove","いちごが居なかったら  平和でしたか    ?  もう わけわかんないです  。"
"2015-06-25 17:17:54 +0900","the_neah","忘れていた時 : 忘れてた。 面倒な事の時 : 条件として何かください やる気ない時 : 。 やる気ある時 : 色々喋りだす。"
"2015-06-25 17:17:57 +0900","advent_giraffe","[てーき] TOAのアッシュ戦は至高 。"
"2015-06-25 17:17:58 +0900","otyaduke_meiq","@rurisora0301 や　っ　た　ぜ　。"
"2015-06-25 17:17:58 +0900","TRAIN_mtm7","辛くなったら叫んでしまうタイプのユースケくんは声を出さずに耐えられたのでしょうか 。 こんなの朝飯前だったり 。 http://t.co/4gtez3bhNZ"
"2015-06-25 17:18:11 +0900","NogKotaro","野口鼓太郎は出席番号25に 狙われています。 今の内に仲良くしましょう 。 http://t.co/7qnAvGkS5B  つるくんやんけwwwwwww"
"2015-06-25 17:18:12 +0900","kamakuracc","http://t.co/q7Fm89fSYG  スターバックス"
"2015-06-25 17:18:12 +0900","uzumakitaifoon","スターバックス　ハンディーステンレスボトル富士山 500m　新品 現在の価格5 200 円 現在の入札数0 詳しくはコチラ！http://t.co/rzpYt7ABNO http://t.co/63fsfOkKDe"
"2015-06-25 17:18:15 +0900","kamikamiyanke","神様はじめましたのプライズ品の添い寝シーツ神使バァージョンの巴衛を、切実に探しています。 こちらの物を、お譲りできる方が居ましたらお譲りして頂きたいです。 4000〜5500円位でお譲りして頂きたいです。値段は、要相談と 言う形になる場合も有りますが宜しくお願い致します 。"
"2015-06-25 17:18:17 +0900","y_5_k_3","@__xxsy83  （ もっと痛くしてやる ）うっせえな！黙っとけ！！もうすぐで楽になるから 。"
"2015-06-25 17:18:18 +0900","gibulydajaza","人生にはモテ期が3回ある、というのはあくまで平均の話である。向井理や田中圭などの超モテ男は何度もモテ期を経験するため、彼らのせいで非モテを含む男全体の平均が3まで上がるのだ。理系は数学に強いのでこの平均値のトリックに 全 員 気 づ い て い る 。"
"2015-06-25 17:18:19 +0900","__Face_xxx","@Bouquet__front   予約したいんですけど 。  今日の10:30とかいけます ?"
"2015-06-25 17:18:19 +0900","_____5smile","お手紙書けてない 、 今日は他店舗にヘルプでっす 。  日曜日 何時に行こう 。"
"2015-06-25 17:18:20 +0900","____S_Only","早く茂雄さんを感じたい 。DVDに味園巡り 。考えただけで涙出てくる 。"
"2015-06-25 17:18:23 +0900","__I2O8x","@YAlppp   ㅤ　　ㅤ　　んふ 、 平 野 も  。  ㅤ　　ㅤ　　初 西畑 の 大吾郎サン お迎え です  。（"
"2015-06-25 17:18:26 +0900","h__0123_","@spanner_not そこまで気にしなくてもいいよ 君は心配症なの？まぁ、心配し無さすぎよりはよっぽどいいと思うけれどね。そうそう。あれは余りにも呆気なかったからね 。ﾜｫ それは楽しみだね 。開発が成功する日を心待ちにしておくよ 。"
"2015-06-25 17:18:27 +0900","squallunder","もう、こんな時間ですか？まぁ、まだ勉強終わらないんですけどね 。"
"2015-06-25 17:18:30 +0900","Marezone_XD","Marezoneさん最新のRANKED_SOLO_5x5戦績はLucianで6キル4デス11アシストの勝利です 。 http://t.co/3KC7A9vIxF"
"2015-06-25 17:18:32 +0900","YohQoo","あ、なんか間違えて気分悪い意味になってる 。"
"2015-06-25 17:18:32 +0900","___Saak","@SSXOXS         智   ッて 呼ぼう  哉     。 センス   無  えけど 許して        #"
"2015-06-25 17:18:38 +0900","ksm___07_","まだみんなお仕事かな  。  …ちょっとさみしい"
"2015-06-25 17:18:38 +0900","xvxoxuxvai","あまりに体を許さない難波江くんに対して高木くんがブチ切れる。 流石に焦らしすぎたと自己反省して謝ろうと高木くんに顔を向けると床に土下座している高木くん。 「やらせてください」プライドが高いように見えて難波江くんに対してプライド低くなる高木くん…、が好きな難波江くん 。"
"2015-06-25 17:18:39 +0900","kznr6170","@sho_kazulove   \✡/              お迎え  …  僕 と、  遊んでくれるの¿  おにーさん 。  ✡"
"2015-06-25 17:18:41 +0900","___fuji___xxx","ㅤ         垢   移   行   シ   よ    哉    。  ㅤ"
"2015-06-25 17:18:41 +0900","satochin04301",".  そろそろ 探すか 。  ."
"2015-06-25 17:18:43 +0900","tmgdwtj","高熱が続いてる ⤵︎ 今日も９度まで あがって 早退 。どーしよ なんか こわくなてきた 妊娠だたりして ⤵︎   ためいき 。"
"2015-06-25 17:18:43 +0900","Noxcious_7","Unicaさん最新のARAM_UNRANKED_5x5戦績はKalistaで26キル10デス20アシストの敗北です 。 http://t.co/8Iby0wLBLk"
"2015-06-25 17:18:44 +0900","kk_kitsune","@yukolove0915           祐ちゃん食べようかな ｰ 。"
"2015-06-25 17:18:47 +0900","honne_bot_thank","めんどくさい 。 そーゆーのめんどくさいよ、そろそろ気づいて（笑） #愚痴"
"2015-06-25 17:18:47 +0900","eferesmiih","Eferesmiihさん最新のNORMAL戦績はRumbleで8キル0デス7アシストの勝利です 。 http://t.co/CscHHawwoB"
"2015-06-25 17:18:47 +0900","3jsb_nagiomi","@naokoegirls0314   まって つらい まちがえた 。"
"2015-06-25 17:18:48 +0900","_xxxss","@xxxoo_oo    ん  ，   さくちゃん て呼ぶ   。"
"2015-06-25 17:18:50 +0900","matumurakazuya1","理科の時間に携帯してたら取り上げられたんだが ロングホームルームの時に携帯してる人は取り上げられなかった。黙認されてた 。 だから返してもらうときにガチ口論したんだけど教師特有の意味不論で丸め込まれたまじうぜぇ 明日から行きたくねぇな"
"2015-06-25 17:18:51 +0900","0525riho2","久しぶりにりとくんと電話した 。  やっぱすっごい楽しいわ 。  最近疲れとうみたいやから心配な 。  ちゃんとご飯食べとんやろか 。"
"2015-06-25 17:18:56 +0900","er_610","現実逃避してる感すごい 。 とりあえず金晩と土曜は 仕事しよ 。"
"2015-06-25 17:19:00 +0900","addgjm96gmailc5","今日、期末テスト向けての勉強をびっしり書いたww 。"
"2015-06-25 17:19:04 +0900","ayuka_69","好みとかって人それぞれ違うから、 かっこいいから好きってゆーのもわかるし、変顔？の画面見て嫌いってなんのはおかしいってゆーのもわかる。 ま、 そんなんで嫌いになったんなら、 ほっとけばそれでいーやん 。"
"2015-06-25 17:19:05 +0900","KAZU__nagisa","@enomon_T  .  会いに行く 。  ."
"2015-06-25 17:19:06 +0900","gamt_SNG","@aza_kuro_kun  ふ く を き ろ   。"
"2015-06-25 17:19:08 +0900","xo_kami","-  -        ｵﾆ桾  に ﾁﾋﾞって       言われても - た  。  笑  -  - http://t.co/XZTeu5XmOz"
"2015-06-25 17:19:11 +0900","___Saak","@SSXOXS        ン  は  、 有難う       。"
"2015-06-25 17:19:14 +0900","zyoseino_0014","浮気をする男性に魅力は感じない。 浮気ができない男性にも魅力は感じない 。  合コン前に話し合い！女性同士で決めておくルール!!→http://t.co/niKZaRmNdg"
"2015-06-25 17:19:15 +0900","ar51_","駅ですわってたら 知らない人に 「うわっ、久しぶり元気〜？！」 って言われたから 勢いで 「はいっ！元気ですっ！」って 言ってしまったけど 大丈夫かな 。"
"2015-06-25 17:19:18 +0900","satochin04301",".  レポ しなきゃな 。  ."
"2015-06-25 17:19:18 +0900","Qknyx","@Qiiipx 　　　　　手越くン殻英語の問題です　。"
"2015-06-25 17:19:19 +0900","naaaaana0426","学校終わって帰ってるさ 🚃 ☞ 🏠 午後はもう、ほとんど 笑 家に帰ってから 1 時間して出たらいいくらいかな 🏠 ☞ 🚃   時間が経つのは早い早い 。"
"2015-06-25 17:19:21 +0900","maroshio117","@maroshio117 。"
"2015-06-25 17:19:22 +0900","tukahiro222","ID入力でお互いに宝石をもらうことができます。招待ID【　7HLE99PRRH92　】 #グレムリン #グレムリンうぉーず 。"
"2015-06-25 17:19:24 +0900","Ano_sF","＿__。_＿ 　　 ／ /　 l　ヽ＼　　!　　　　゜　! l 　　’⌒Y⌒Y⌒Y⌒゛　　!　! 　　/～＠│～ヽ　　l　　　　　。　ｉ 　 （。‘-‘） |。・-・）　　　　　! 　　゜し-J゜　゜し-J゜　、i  　　　　　、ｉ  "
"2015-06-25 17:19:31 +0900","shionmiyabi","スタバで一休み… ラベンダーアールグレイのティーラテ旨し！！ #スタバ #ティーラテ http://t.co/zunr9KOMbw"
"2015-06-25 17:19:31 +0900","Ym81Kc910","ま 繰 ま ぃ り ぃ 。 返 。 は し は め ま め ち す ち ゃ 　 ゃ く 　 く ち 　 ち ゃ 　 ゃ ド 　 ド Ｓ 　 Ｓ で 　 で す 　 す 。 　 。 http://t.co/5GMZXjLy40 違うよ！！？？"
"2015-06-25 17:19:33 +0900","sfmnu_","@UqxSXU 　　　　　めっちゃ今更　やけどな　 　やっぱ　御前が１番　って気付いたわ　。　離れる訳無いやん　そっちこそ　離れたら阿寒で　?　つって　おん　 　俺の方こそ　仲良うしてや　〜"
"2015-06-25 17:19:34 +0900","Ratelld","JiN to NiCKさん最新のRANKED_SOLO_5x5戦績はEzrealで28キル6デス10アシストの勝利です 。 http://t.co/fVxDr0B24f"
"2015-06-25 17:19:34 +0900","y_0206_r","最近ずっと寝とる 。  はぁ～塾行きたくないなぁ～ 。"
"2015-06-25 17:19:40 +0900","sakuraaaapa","見真 がデトックスウォーター 作ってたから すごいし さくらも 作ろうかなって 思って 苺買おうと思ったけど どこ行っても 売ってないから そろそろ諦めて サイダー飲んだ 。  アイスもやりたいけど まずいれもんがない"
"2015-06-25 17:19:41 +0900","___r024k","AMAZING WORLD 🌍✨  日程解禁 〜！！！ 絶対行きたい 当たりますように 。"
"2015-06-25 17:19:43 +0900","Junamelo_0323","なんだこいつ 。 ほっぺにちゅーされた 帰るって言ったけ泣かれた お前はじゅなの彼女か 。 (( @moeri10081  )) http://t.co/FNlNcfymzg"
"2015-06-25 17:19:48 +0900","celki_lol","Celkyさん最新のRANKED_SOLO_5x5戦績はVayneで2キル9デス2アシストの敗北です 。 http://t.co/h7mceKNmgc"
"2015-06-25 17:19:49 +0900","nanami_yuzuki","d(ﾟДﾟ*)  ニューハーフのアダルトの無料サンプル動画＆画像。( #ゲイ #シーメール #レズ #童貞狩り ) 。 http://t.co/5F6DjXhNnK"
"2015-06-25 17:19:50 +0900","ryouji100653","榎本凌士を怒らせると　富　士　山　が　噴　火　し　ま　す　。 http://t.co/jr6qT0tI1V  怒らせて見ろ途端に富士山噴火するぞ･･･。"
"2015-06-25 17:19:51 +0900","Bronson2764","ふじた は たいちょう を くずした 。"
"2015-06-25 17:19:52 +0900","miu03092002","@seikoavelcain  聖 子 チ ャ ン モ ウ チ ョ ッ ト ダ ネ … 。  ド キ ド キ  …"
"2015-06-25 17:19:53 +0900","rs_ss2525","バイト忙しすぎて ほっとしたのか 涙でてきたわ 。 ｗｗｗｗｗｗｗｗ おつかれドリンク飲みます。"
"2015-06-25 17:19:58 +0900","magic_myuntan","xMyunさん最新のRANKED_SOLO_5x5戦績はDianaで2キル2デス0アシストの勝利です 。 http://t.co/jAwPFT9eY8"
"2015-06-25 17:19:58 +0900","fm__0037","@00_40k   〝　　　Rt　さんきゅ　迎ゑ　。  　https://t.co/BSKz8Td2Zn"
"2015-06-25 17:20:01 +0900","89Shiii","@pym_bzo  同じだよ😂💦 very very tired 。 もうやった？？"
"2015-06-25 17:20:03 +0900","kanayan__suuki_","ひ ま だ よ 〜 。  ひ ま な ん で す 〜 。"
"2015-06-25 17:20:03 +0900","_xllp","中学校 行ってきます 。"
"2015-06-25 17:20:03 +0900","___Hiii0802","ななちん  、 ﾊﾞｲﾄｩwill  。 http://t.co/G0u4v2z0Ly"
"2015-06-25 17:20:04 +0900","CloudStrife_bot","直に空が暗く成る… 　　早く家路に着け……　。"
"2015-06-25 17:20:04 +0900","mkr2281","@b362461  変なやつですね、ますだは 。"
"2015-06-25 17:20:05 +0900","_honoka12","あ〜 、上手くいかん 。 毎日後悔してる気するわ😢"
"2015-06-25 17:20:09 +0900","at_koe","今日は髪の調子がよかった ♡  いつもこうならいいのにな ~ 。  てか美容院行きたい 。 http://t.co/VJQ2Nw22S8"
"2015-06-25 17:20:10 +0900","maira_west08","モイ！iPhoneからキャス配信中 - / どもども 。 http://t.co/qMTkOa6lnH"
"2015-06-25 17:20:10 +0900","fm__0037","@djuusdg_   〝　　　Rt　さんきゅ　迎ゑ　。  　https://t.co/BSKz8Td2Zn"
"2015-06-25 17:20:13 +0900","GOETHE_magazine","連載開始以来、男優ばかりを熱く語り、女優には興味がないのか、と先日指摘を受けたばかり（笑）という俳優 滝藤賢一さんによる映画コラム。今月の1本は27日公開の『アリスのままで』@Julianne201506 。 http://t.co/2x6kVxXSgi #映画"
"2015-06-25 17:20:19 +0900","fm__0037","@XQIIO21   〝　　　Rt　さんきゅ　迎ゑ　。  　https://t.co/BSKz8Td2Zn"
"2015-06-25 17:20:21 +0900","Psychobreak_bot","ルヴィク：父さんからメールがきた 。 ｢いや～。父さん携帯買っちゃったよ。さっそくメールしてみたけど、  案外簡単に作成できるんだな。もう使い方はマスターしたな。｣  という件名で送られてきた。"
"2015-06-25 17:20:24 +0900","smartchi_bot","@_t_m_gogo おはよう、としお @san16054564 。　よく眠れたかい？"
"2015-06-25 17:20:25 +0900","ru_i_ra1130","琉愛薇     辞めようかな  。"
"2015-06-25 17:20:30 +0900","ninaaa06","あぁ 。ほしい 。 http://t.co/4AU8gRyu0U"
"2015-06-25 17:20:31 +0900","Kim_x_kbm","＊  君がいたから俺がいた  。"
"2015-06-25 17:20:32 +0900","___Saak","@__ORDINARY___     然   う なのか  、 麝    沢山  呼ぼう    。  えり   、 えりちゃ ン"
"2015-06-25 17:20:33 +0900","B_ekH___exo","べ 繰 べ く り く ひ 返 ひ ょ し ょ ん ま ん は す は た 　 た だ 　 だ の 　 の ド 　 ド ス 　 ス ケ 　 ケ ベ 　 ベ で 　 で す 　 す 。 　 。 http://t.co/Ekov78Moci"
"2015-06-25 17:20:34 +0900","risa126amemon","おい(°言°怒)  ババア共免許返せや 。"
"2015-06-25 17:20:36 +0900","taiga_ekei_bot","はい。黒田家の家臣となりました 。  ( 37話  城井谷の悲劇 )"
"2015-06-25 17:20:37 +0900","365Shockeye","あ ~ もう毎日なにしてるねんろ 。 好きなことしてみたいけど 必要とされるものもってないし 勉強ちゃんとしようって思うだけでやらんし 4年間無駄にしそう ~ まじで自分クソ😃✋🏻"
"2015-06-25 17:20:42 +0900","Ken_Yamachan","Tasting next time. http://t.co/4euz2EdBvj"
"2015-06-25 17:20:42 +0900","Kanachobi_xxx","たったの家までさんぷん疲れた ひかちんあいすごち 〜 🐣❤ プールとスポでおねむ ( ᵕᴗᵕ  )  どなたか６時に起こして下さい おやすみ 〜〜〜〜〜〜〜〜〜〜 。"
"2015-06-25 17:20:44 +0900","okuchan89","保育園のバイトをやらせて頂く所が とってもアットホームで子ども達も さっそく話し掛けてくれて 、もう幸せすぎた 。"
"2015-06-25 17:20:47 +0900","azaz__","I m at Starbucks Coffee 天王寺ミオ店 - @starbucks_j in 大阪市  大阪府 https://t.co/ZPRffhXsU8"
"2015-06-25 17:20:47 +0900","k_mi_ko_313","ひまだな ～ 。 だれも いない 😑"
"2015-06-25 17:20:49 +0900","Y4NMA","Y4NMAさん最新のRANKED_SOLO_5x5戦績はVladimirで2キル8デス3アシストの敗北です 。 http://t.co/HjH4vCvRoO"
"2015-06-25 17:20:50 +0900","kuroblackblack0","ク 繰 ク ロ り ロ （ 返 （ 黒 し 黒 ） ま ） は す は め 　 め っ 　 っ ち 　 ち ゃ 　 ゃ 普 　 普 通 　 通 の 　 の 人 　 人 で 　 で す 　 す 。 　 。 http://t.co/57hFCCIFDN 普通って、普通って地味ｗｗ"
"2015-06-25 17:20:52 +0900","ange_mou","@Naka5_tennis   ひながリハビリの人やったら 泣きながらするかな 。"
"2015-06-25 17:20:54 +0900","td_b018","激しく同意 ☺☺ https://t.co/Y1JDe2fVgk"
"2015-06-25 17:20:56 +0900","mai__1219k","わたしも おはるに 会いたい 。"
"2015-06-25 17:21:00 +0900","FOuchida","幸せは手に入れることより継続させるのが難しい。ひとりの人とずっと居たいのにな 。"
"2015-06-25 17:21:04 +0900","kkkkonly","ほのかも 遊ぼ～ ゆわれて いいよ～ ゆーて チャリでいける距離が良かったなあ 。"
"2015-06-25 17:21:04 +0900","mittan_18","@rnrn__ss   ないよ(ˊ◦ω◦ˋ)  やばいよね！はぁ！ やばい！今のtp画の潤くん  。"
"2015-06-25 17:21:15 +0900","petite38petite","ん 〜 、  もっと練習が必要だ 。"
"2015-06-25 17:21:16 +0900","xo_kami","@DxswR   -  -     糞暑くて    ソフトクリーム  5個食べたわ   。     クーラーは最高やな   ！  -  -"
"2015-06-25 17:21:18 +0900","kn0924j","オリジナルBOXセット: カタログギフト＆オリジナルギフトBOXのお店 「ギフト.JP」 。 カタログだけじゃ何か素っ気ない…　でも何を贈れば喜ばれるか…？ そんな、お客様の声から生まれたオリジナルBOXセット＆ブックカ... http://t.co/GCw2FeE9VP"
"2015-06-25 17:21:18 +0900","GOD_EATER_chan","ゴッドイーターちゃんを怒らせると　二　次　元　に　行　け　る　よ　う　に　な　り　ま　す　。 http://t.co/BdO5mID3U2"
"2015-06-25 17:21:19 +0900","up1007j","オリジナルBOXセット: カタログギフト＆オリジナルギフトBOXのお店 「ギフト.JP」 。 カタログだけじゃ何か素っ気ない…　でも何を贈れば喜ばれるか…？ そんな、お客様の声から生まれたオリジナルBOXセット＆ブックカ... http://t.co/KWJsX1W67M"
"2015-06-25 17:21:22 +0900","ldh_526mickey","届  い   た   。 http://t.co/snNCrqtYMb"
"2015-06-25 17:21:23 +0900","Votwle","‌　　　　* ``・* 。 　　　　|　　　　 `*。 　　　 ｡∩　　　　 　* 　　もうヴォットゥルロイナボプェゴモ～ル 　　+　(◠͜͡◡͜◠)　*｡+ﾟ 　　`*｡ ヽ、　 つ *ﾟ* 　　　`・+｡*・  ﾟ⊃ +ﾟ 　　　☆　　 ∪~ ｡*ﾟ 　 　　`・+｡*・ ﾟ"
"2015-06-25 17:21:24 +0900","HaruTouka","@benmaru0711 いいよいいよ光忠ヒートアップしていいよもっとやれ＾＾たまらん デフォめちゃくちゃ可愛いんですけど？？あんな可愛いのなんてかけないんですけど？＾＾乗  り  切  れ  な  い  。"
"2015-06-25 17:21:25 +0900","221Maho","帰宅 ｰ 。 からのもう１回 d o c o m o ｼ ｮ ｯ ﾌﾟ行ってき"
"2015-06-25 17:21:28 +0900","chiro8190320","あっ…… #察し https://t.co/ttDzyQ70oi"
"2015-06-25 17:21:31 +0900","sIII__xx","@_o0O0o_sin   　　　　　反応有難う　　。 　　　　　上田の 本垢 殻の 　　　　　迎えね　　。"
"2015-06-25 17:21:39 +0900","etrangeboth","ゲームから〝だつらく〟したのに、まだ母様に未練があるの。あのひとから、逃げられない。アクテアが怒るのも、しょうがないね 。     (フェンネル)"
"2015-06-25 17:21:39 +0900","o__nyan","SDVX http://t.co/Kq2KKhWY8l June 25  2015 at 05:07PM"
"2015-06-25 17:21:41 +0900","0917kixxxlove","だって  いちごは  ひとりちゃうもん  。  笑ってれば  怖くないさ  😳💕"
"2015-06-25 17:21:42 +0900","gagaoxoys","@Fuma_hirano_129 。"
"2015-06-25 17:21:45 +0900","cute__dream","先生来るとか絶対やだ 。 あああ 、 雨やんだらいいのに 😢"
"2015-06-25 17:21:52 +0900","19__maka","めまいした 。"
"2015-06-25 17:21:53 +0900","ayya1119","休みの日はケーキを食べたいのだけど、食べたいのなかったから結局。フラペチーノだんだん高い、、#starbucks https://t.co/HWfxj8nISM"
"2015-06-25 17:21:54 +0900","mayoyo0704","田邊さん 誕生日おめでとうございます （＾ν＾）  これからもブルエン応援してます ！！  北海道でワンマンやってくれるのをずっと待っていました 、ワンマン楽しみにしています 。  田邊さんにとって 素晴らしい１年になりますように 、ブルエン大好きです ！！ @BLUEN_VO"
"2015-06-25 17:21:55 +0900","sao_natsu__","タペストリーってこんなに種類あるんだ 〜 。"
"2015-06-25 17:21:55 +0900","Disk1919","@scairett 。"
"2015-06-25 17:21:56 +0900","rabbit_girl_A","-  토 繰 토 끼 り 끼 아 返 아 미 し 미 は ま は 永 す 永 遠 　 遠 の 　 の １ 　 １ ７ 　 ７ 歳 　 歳 で 　 で す 　 す 。 　 。 http://t.co/jxgbI6zeuy      17歳なう  -"
"2015-06-25 17:21:57 +0900","XXNSNQ","只今　、 類 で 貰った 御名前 に 変えます　。　1日 目 は ひ - くンからの 御名前ですん　。"
"2015-06-25 17:21:59 +0900","yui31k","@MnMero07  今年じゅうには 行きたい 。"
"2015-06-25 17:22:00 +0900","nekokomori777","@2355easpikm おやすみなさい！。 。"
"2015-06-25 17:22:01 +0900","waza_starbucks","今日つらくて帰りスタバ買ったけど菊がすごい顔してたのが店員さん優しく話かけてくれて泣きそうになった★それに飲み終わって底みたら号泣した★ http://t.co/GxVRJ8jZGs #スタバ！！！"
"2015-06-25 17:22:01 +0900","hayA1130c","@Xx  すーたんのline見てにやけてたら 愛よ、僕を導いてゆけ 流れ出して 泣きそうになった 。割と真面目に。 はぁ  、好き 。"
"2015-06-25 17:22:02 +0900","ABKanade","@bakugekiGGG10 おはよう、@s_ryutou0445 。"
"2015-06-25 17:22:03 +0900","Roller__F","@xo_kami  　 遠慮しとくわ　　　傳  御迎え有難う　　　。"
"2015-06-25 17:22:05 +0900","YASUE_RAYS","タンブラーも名古屋推し！！  #スタバ https://t.co/CcJl9vlogU"
"2015-06-25 17:22:12 +0900","___Saak","@xxx__shn     ン  は  、 任せとけ      〜 。 #    酷く  成  ッたら ちゃんと   休め よ    ？"
"2015-06-25 17:22:15 +0900","04Sonoka","新作飲みに来た😻💗💗summerっぽいね〜フルーティーだった〜おいちい〜💭🍏🍑🍌🍒🍇🍊🍓🍍🍈💕 #STARBUCKS #マンゴー&amp;ジェリーフラペチーノ® #summer… https://t.co/7uEfNqP3de"
"2015-06-25 17:22:18 +0900","9121226ss","@nskd___o0      んは  、だって亮俺みたいなのタイプじゃなさそうやし  。"
"2015-06-25 17:22:27 +0900","MoBu_1810xxx","Starbucks Coffe💗 Strawberry cream frappuccino🍓😋🍴 http://t.co/PTeuMcCSJB"
"2015-06-25 17:22:32 +0900","K___N0313","@YA1Fq3w5RzotykP   え 、 こわいこわい 。      いや 、 御前のこと好きだけど 笑"
"2015-06-25 17:22:33 +0900","Hey_Girl_5","おはよー 。って 駅に とりにいかんと いけんかったのに 寝過ごしたじゃんけー 。 これから 準備して行かんといけんがな ."
"2015-06-25 17:22:42 +0900","_1996_iloveyou","もうそろ祭りの時期か 。 江戸崎って祇園いつだ？"
"2015-06-25 17:22:43 +0900","xo_kami","-  -    ソフトクリーム ５個食べて    お腹壊しました   。  -  -"
"2015-06-25 17:22:47 +0900","synchro_uny","今日もバイトがなんちゃらかんちゃら。 彼女に圧倒的感謝。もうあとわかんねえ。  #ooks #スタバ #朝活 http://t.co/QAK0zXIhoI"
"2015-06-25 17:22:51 +0900","_OVLLLIIO","@tos       風磨裙一瞬箭ッ夛  ……  阿呆  。 寂しゐ倭   ……"
"2015-06-25 17:22:57 +0900","miii__10969","ド ア ッ プ 。 http://t.co/FCUFKdmC21"
"2015-06-25 17:23:01 +0900","chiro8190320",". 　 繰 ち り ち ｜ 返 ｜ は し は マ ま マ ジ す ジ で 　 で イ 　 イ ケ 　 ケ て 　 て る 　 る 人 　 人 で 　 で す 　 す 。 　 。 http://t.co/SAB0etjyuJ えっ、あっ、はい←"
"2015-06-25 17:23:05 +0900","jdtnwjjt","あ ~  むらる ネ  。"
"2015-06-25 17:23:10 +0900","emtan24","もーいいかな  あと半年 結構我慢した方 。"
"2015-06-25 17:23:10 +0900","O2958","君廼頬を真ｯ赤弐染めあげ弖　、 頬より赤ｲ唇弐口付け落とせば　、 君は僕弐微笑ﾝですぐ弐何処かへ消えてゆく　。"
"2015-06-25 17:23:11 +0900","kyoukasuigetu__","Viganellaさん最新のARAM_UNRANKED_5x5戦績はJinxで13キル4デス22アシストの勝利です 。 http://t.co/tN6qIT9Ser"
"2015-06-25 17:23:16 +0900","KIM95V_B","俺の旦那様は未だ未だお子ちゃま見たい 。"
"2015-06-25 17:23:16 +0900","f8zohq6f","人生の中で、 なんどもなんども繰り返し、 わたしは失敗した 。 それが、わたしが成功した理由だ 【マイケル・ジョーダン】"
"2015-06-25 17:23:18 +0900","xo_kami","-  -     右に行けと言われ    左に行き 道に迷いました  。  -  -"
"2015-06-25 17:23:19 +0900","raito4274","@1202__hy    俺は分からない     。  藁"
"2015-06-25 17:23:20 +0900","naaaaaaaayun","宇治抹茶豆乳ラテ　。"
"2015-06-25 17:23:21 +0900","thdkute7","kute7さん最新のNORMAL戦績はHeimerdingerで5キル11デス10アシストの敗北です 。 http://t.co/0BLyUmzX8F"
"2015-06-25 17:23:23 +0900","karenpaisen","karenFutoさん最新のNORMAL戦績はJinxで24キル12デス11アシストの勝利です 。 http://t.co/BgMy7fVuRv"
"2015-06-25 17:23:28 +0900","yaotomehika","@kanon_strawberr   ん ｰ 。"
"2015-06-25 17:23:30 +0900","deaytsu","@Sk_ayaya スタバ"
"2015-06-25 17:23:31 +0900","_Namie__xXx","@___ooo07  そくさんお誕生日おめでとうございます 。 そくさんの初恋  、安室奈美恵です 。☜"
"2015-06-25 17:23:31 +0900","Fuchimu_KRA","今からバイトや 、死にそう 。 楽しも"
"2015-06-25 17:23:33 +0900","kj_621kok","https://t.co/jpoJ5Pfehk  お願いしやす(;_;)"
"2015-06-25 17:23:36 +0900","kusowarabot","彼女にだーれだ？ってやったら知らない男の名前が出てきた 。 http://t.co/1Q3uSvrDW2"
"2015-06-25 17:23:37 +0900","djono4470","今夜   DL氏の 追悼  イベント  。 メンツ   ぱない なぁ〜 ^_^"
"2015-06-25 17:23:38 +0900","pikm_t","\♡/ 神山智洋くん 。 ゆるゆると信五くん 。  ◎濃くなれる方💕  ◎誰でも歓迎✋😇  ◎お迎え多め💗  #わーーーージャニオタさんと繋がるお時間がまいりましたなのでいっぱい繋がりましょ  #ジャス民と繋がりたい http://t.co/zK67DzD3u6"
"2015-06-25 17:23:41 +0900","Mistry_veg","Mistryyyyyさん最新のBOT戦績はSivirで5キル1デス4アシストの勝利です 。 http://t.co/fgdLXmfAEm"
"2015-06-25 17:23:42 +0900","b1a4_luv2","兵役行くまでに B1A4 と BIGBANG のLIVEは絶対に行きたい。みんながおってや 。"
"2015-06-25 17:23:44 +0900","nozomun_SHBVD","きゅーけー (@ Starbucks Coffee 名古屋大須万松寺店 in 名古屋市  愛知県) https://t.co/DyHcG5lXMz http://t.co/b7pb0lhAwT"
"2015-06-25 17:23:47 +0900","rs_y624","初心者マーク 変な人いた 〜 ！ かわいそうだから 後ろにいて 見えないように 隠してあげてる 😡💓💓 最近 帰り道 前後 👍🏻💓 なかよしかよ 。 http://t.co/wFTsPF9IUw"
"2015-06-25 17:23:48 +0900","Duffy_mei_m","。"
"2015-06-25 17:23:50 +0900","awa_ars","そして俺が登場すると同時に止まった 。 http://t.co/x9yV6OUjwd"
"2015-06-25 17:23:53 +0900","Miyuu__0726ssm","2015.6.25~  親友 ✫゛  いけにょ ( ˙-˙　)✫  これから何かあったら相談しようっと 。  ◎ @chankota0909 ◎  あ、彼氏ちゃいます 怒らないでください 安心してください あばっ http://t.co/Lzk8RPlbH8"
"2015-06-25 17:23:57 +0900","AbeChina0810","in大阪楽しみ  ！  関東Jr.いらないからね  。 ﾃﾞﾋﾞｭｰ組も  ｼﾞｬﾆｽﾄと優馬ｸﾝだけでいいよ  (  小声 まじ 、関西だけでいいよ 。 nextstage  と  シルエット と See you again 歌ってほしいな  ）Oo｡.（´-`）"
"2015-06-25 17:23:58 +0900","RVV_COPY_BOT","スルギ 「 昨日 アイリンオンニ が 「ボケないための本」 を買ってきた  。今日も買ってきた 。 」 #redvelvetで妄想"
"2015-06-25 17:23:59 +0900","yourimnh","piroruさん最新のRANKED_SOLO_5x5戦績はLeonaで1キル3デス1アシストの敗北です 。 http://t.co/12xs5onLan"
"2015-06-25 17:23:59 +0900","___84911","@hgmr__o0   はぐはぐ って大学生 ？？笑  https://t.co/z4etz9ZToa"
"2015-06-25 17:24:07 +0900","hanglmooji","【완소녀 ワンソニョ】 すごく大切な女性という意味の「완전 소중한 여자」の略語です。美人な上に性格も良い人にも使います。男性に対しては【완소남 ワンソナム】と言います 。"
"2015-06-25 17:24:08 +0900","miii__10969","ド ア ッ プ パ ー ト 2 。 http://t.co/0JkLBx3UZq"
"2015-06-25 17:24:10 +0900","lolsoga","yosinonさん最新のRANKED_SOLO_5x5戦績はShyvanaで3キル7デス0アシストの敗北です 。 http://t.co/sSvYN4jmEM"
"2015-06-25 17:24:12 +0900","aaa_i231","やった 〜 😊💓 嬉しくて ロッカーでジャンプした！¨ 笑 。"
"2015-06-25 17:24:13 +0900","6Nanikin66666","まいど  ~  えっと、  今日の担当  は             僕です  っ  大西流星 です  っ  こーやってね、メンバーの皆と活動  できて  本間嬉しくて  感謝してます       これから、よろしゅうです！          大西  より  。"
"2015-06-25 17:24:18 +0900","MiyuGun_____","．  相談です 。はい 。  日曜日 LIVEで塾休むんやけど 、  今日も 明日テストやから 休みたいです 。  休む方法 教えて"
"2015-06-25 17:24:19 +0900","Ns__xo27","@J_Matsumtmt  フォロー失礼しまする 。"
"2015-06-25 17:24:21 +0900","XXX_yc_XXX","_  誰この イケメン  。  あ、俺か ← http://t.co/8BMTYA4UB9"
"2015-06-25 17:24:23 +0900","KABUKUWAZOIDS","実 験 結 果 。 気泡が入る、歪む、バリが酷いの整形不良（白目 http://t.co/i0jOKffXs8"
"2015-06-25 17:24:24 +0900","BAKAYALOID","@fixisu おはよう、@yukinoandkaruto 。 今日も一日粉バナナ。"
"2015-06-25 17:24:25 +0900","aoi__0928","学校帰りに 買ってみた ✨  おつかれさまじぶん。  さあ 頑張るぞ テスト勉強 。  ただいま！ http://t.co/OZPjqtQVdO"
"2015-06-25 17:24:25 +0900","cjmr_btk","めっちゃ、うんぬん考えながら 履歴書ガリガリ書いておる 。"
"2015-06-25 17:24:27 +0900","Nanairo_Apple","NanaAppleさん最新のNORMAL戦績はLuxで1キル3デス1アシストの敗北です 。 http://t.co/o1LlGwwuOt"
"2015-06-25 17:24:31 +0900","TRAIN_mtm7","腕の長さ晒されました 。 ( タカシの脇に合わせました ) http://t.co/2RmNiArOA3"
"2015-06-25 17:24:44 +0900","nhnhs2kmkm","ブス って言葉が飛び交ってて おなかいたい 。 人間見た目2中身8ですよ 。🐄"
"2015-06-25 17:24:50 +0900","___84911","@__xxsy83   同い年の同担で今一番会いたい 。  https://t.co/z4etz9ZToa"
"2015-06-25 17:24:55 +0900","maroyaka6262","@Milkmoon_milmil おかありなのです〜♪(∩｡･ω･｡)っ ｡ ° ♡ . 。"
"2015-06-25 17:24:55 +0900","remuremi","リムられたりフォローされたり よー わからん 。"
"2015-06-25 17:24:58 +0900","__sqchqn","麻婆豆腐つくる 。ぼっち 。 http://t.co/UOKa7kyqoi"
"2015-06-25 17:24:59 +0900","hgs_o1003","。 マツキヨアプリでお得なクーポンゲーム開催中！ダーツに挑戦で最大20%OFFのチャンス! http://t.co/X74sOzYVTx #Matsukiyo_app"
"2015-06-25 17:25:03 +0900","shoLuv_chuuu","テスト中とか辛いときとか櫻井の歌声きくとがんばろって思えたりする 。  今日も嵐ききながらがんばる ◎ http://t.co/w5GrrqIAzx"
"2015-06-25 17:25:04 +0900","ebi_chan_3","ebibagamon72さん最新のARAM_UNRANKED_5x5戦績はMaster Yiで3キル4デス5アシストの敗北です 。 http://t.co/KjpyXjh3vR"
"2015-06-25 17:25:04 +0900","____123O__kim","     アイコン変えた~  。  ばいばい。  またリプかえしに来るね     "
"2015-06-25 17:25:04 +0900","kono_yo_zekei","【パタゴニア】マーブル・カテドラル 。 http://t.co/fKMw48taMe"
"2015-06-25 17:25:07 +0900","smartchi_bot","@_t_m_gogo おはよう、としお @san16054564 。　よく眠れたかい？"
"2015-06-25 17:25:09 +0900","jsbomi_03","明日ビューイング当落やないか 。"
"2015-06-25 17:25:12 +0900","fStO5USCABTHEuv","@yugkmok カメにはこっちの方がわかりやすいか！→I was employed by STARBUCKS COFFEE."
"2015-06-25 17:25:14 +0900","shiho_D_ry","サンスポもスポニチもなかってんけど おにおこ 😡😤💢 朝 わざわざ コンビニに行きました 。 スポニチあったとおもったら 、特集？みたいなんで馬しかのってなかったし  なに 京都ないの？わいわけないわな １日テンションだださがりや"
"2015-06-25 17:25:16 +0900","maira_west08","あ い ぽ ん か ら / 声がやばい 。 http://t.co/qMTkOa6lnH"
"2015-06-25 17:25:16 +0900","tomochibi27","솔직히 세상과 난 어울린 적 없어 . 正直、世の中とは合わない 。  ♩ http://t.co/57RLK3Lu2Q"
"2015-06-25 17:25:17 +0900","10_Ayumi0509",". 　{  定 期  } 　　　山 田 涼 介  Ｔime  ～  ( ♡ ) 　　⌒⌒⌒⌒⌒⌒⌒⌒⌒⌒⌒⌒⌒⌒ 　　生 ま れ て き て く れ て 　　あ り が と う  (。•ㅅ•。)♡  　　あ な た に 出 会 え て 　　本 当 に 良 か っ た 。"
"2015-06-25 17:25:18 +0900","t_hama24","久しぶりに、戻ってまいりました。 @ Starbucks枚方市駅前 https://t.co/W7Zj4pVNbw"
"2015-06-25 17:25:19 +0900","206sachi36","かもじゃないね 、間違った 。"
"2015-06-25 17:25:21 +0900","unyooon19","ぬんちゃん おりおり とは離れ離れ 。 でも 香川帰った時には ぬんに会えるからよかった (´；ω；｀)♡"
"2015-06-25 17:25:22 +0900","m_d1_r8","めっちゃいらついたけん ももにLINEで愚痴ってしまった (´･_･`) ごめん (´･_･`) (´･_･`) (´･_･`) 。"
"2015-06-25 17:25:22 +0900","03____am","今日はことごとく タイミングが合わない 。 合っても入れなかった（"
"2015-06-25 17:25:26 +0900","_______piyorara","@lxsg59 　　嫌がる顏 見 せたら 、惚れてくれますか   。  傳    御迎え 有難   ⌒ ♡⇧"
"2015-06-25 17:25:25 +0900","Ppr______T","準備終わったから   お友達とご飯食べに行ってくるね ｯ 。"
"2015-06-25 17:25:26 +0900","___84911","@Symn1205   とりあえず会いたい 、遠すぎ 。  https://t.co/z4etz9ZToa"
"2015-06-25 17:25:26 +0900","a__Disneylove","。○ ゜ バスに乗っちょった おじさんに なんでか貰った   ゜○ 。 https://t.co/nflKaYODE4"
"2015-06-25 17:25:28 +0900","275kV","ツイッターの位置情報の町田市の地図、かなり悪意ある。 そ こ は 相 模 原 市 だ 。神 奈 川 だ 。 http://t.co/TKe1RnmbLE"
"2015-06-25 17:25:29 +0900","koikyoswimming","このパフェっぽいのはなんだ〜！！ めっちゃうまそうではないか 食べたい！ん？飲みたいというの？どっち〜笑笑(*^^*) #スタバ http://t.co/M6TaxybpBO"
"2015-06-25 17:25:31 +0900","reo38_lol","REO38さん最新のNORMAL戦績はLeonaで2キル1デス8アシストの勝利です 。 http://t.co/kDtcjATIIp"
"2015-06-25 17:25:37 +0900","marikouytghj","ｄ(-ω･｡) M男のアダルトの無料サンプル動画＆画像( #ビンタ #唾吐き #金蹴り #強制射精 ) 。 http://t.co/rbewkjVrTh"
"2015-06-25 17:25:43 +0900","JiNiON_kittune","左上┏  ⤴️😶 ォ、オウノウ  。 http://t.co/QMzeTB0PK3"
"2015-06-25 17:25:47 +0900","xo_kami","@Roller__F   -  -     遠慮されたん これで 80人目ですわ  。 伝    笑      フォロー仕手もええですか   ？  -  -"
"2015-06-25 17:25:48 +0900","ahuroom23","初めて注意された 。だったらもう追い出してほしい 、ほんとに 。"
"2015-06-25 17:25:51 +0900","nagisa_0730luv","え、え、え、来週のリトラジャニーズWEST７人なんすか (´；ω；｀)ブワッ 望くんを見れる回数増える(´；ω；`)ウゥゥ 泣きそうなくらい嬉しい （´；ω；｀）  ジャニーズWESTの週は欠かさずに見よう 。 今まで見逃した事無いけど。  #ジャニーズWEST #小瀧望"
"2015-06-25 17:25:54 +0900","0227_yura","傷 つ け る の は 自 分 …  傷 つ け た く な い の に い つ の ま に か  傷 つ け て る 。 自 分 が い や だ"
"2015-06-25 17:25:54 +0900","TRAIN_mtm7","お腹見えないようにインしてるあたり 。 http://t.co/ce5qN4LJEg"
"2015-06-25 17:26:00 +0900","HVN_HVN_HVN_","HEAVEN56さん最新のRANKED_SOLO_5x5戦績はYasuoで14キル2デス2アシストの勝利です 。 http://t.co/nBUCE9Iwzw"
"2015-06-25 17:26:01 +0900","KYIIO","✡  　　お仕事　～　　、　　頑張ろ　　っ　　。  ↩"
"2015-06-25 17:26:01 +0900","_Junta__N","@kk2234_2sky   ふふふ 、ええのええの 。 通知にいっぱい 居ったら 嬉しいから 。"
"2015-06-25 17:26:03 +0900","XXRKTO8","@_______Sylll 　　ンは  、其れは嬉椎啝  。  傳"
"2015-06-25 17:26:08 +0900","Spain0222","@riri0314 フォロー失礼致します！ポルトガルさんのお写真みてまいりました！他のお写真も拝見させていただいたのですが 、とってもとっても素敵で ... ！これからも楽しみにしております|･`ω･) 。"
"2015-06-25 17:26:10 +0900","kmnhtmbr_","@moeshan1010   私 、iPhone じゃないから  わからないんです … 。  そうなんですか ??"
"2015-06-25 17:26:14 +0900","tkhs_23_","@sxsx_7_   .  だからすっごくいい言葉なんだよ   ？  ビューティフルきーくん って  。  んは  ."
"2015-06-25 17:26:15 +0900","___84911","@11_26_paaan   繋がったばっかでまだわからんけど 濃ゆくなりたい ！  https://t.co/z4etz9ZToa"
"2015-06-25 17:26:15 +0900","XXRKTO8","@non_O1_ 　　よしよし  、応援仕手る  。  ( )"
"2015-06-25 17:26:16 +0900","ARR_mnst","@shosan_mst 四条　is 　長い　。 初めて聞きました_(┐「ε:)_ｗ"
"2015-06-25 17:26:22 +0900","HYJGRP","❥  효정  ( H J / 94 O728 / LeadVocal )      ‘  OH MY GIRL ’ のリーダー 。      集中力が優れていて感性的な      ボーカルが強み 可愛い우리리다      https://t.co/C6876gCp5W   :"
"2015-06-25 17:26:25 +0900","pink___m1","@dishryujikai_2   水着みて興奮してそう 特に柊生 ！！！😂😂 本当は行きたいです 。"
"2015-06-25 17:26:25 +0900","sub3kuramotojyu","#yamadsahyui ← #アメブロ の著者にお知らせ。許可なく私の名前を使用禁止。何度も #警告 。 #シュフティ #ランサーズ 身元不明の #ストーカー http://t.co/bQmmhMa8AJ http://t.co/waaR0phKsf"
"2015-06-25 17:26:33 +0900","CloudStrife_bot","@xRed_x_x_666 　 お帰り 　お疲れ 。。  今日も一日 頑張ったな‥　 充分に静養するんだぞ　。"
"2015-06-25 17:26:34 +0900","___84911","@___8Maru   全体的にすきです 。  https://t.co/z4etz9ZToa"
"2015-06-25 17:26:35 +0900","AbeChina0810","柊真  おらんやん  。 辛いな .. ちゃんと見れるかな  ？ 泣きながら見てる自分の姿が想像できる  。 その時だけ無理やり連れてきてくれませんか 。ｼﾞｬﾆｰさん   ( 紫耀廉って出るよね  ？ 東京を拠点としてとか言われてるけど。 出るよね  ？"
"2015-06-25 17:26:39 +0900","1024_shuya","ばりおもろ https://t.co/Fg5cmxdSJ3"
"2015-06-25 17:26:39 +0900","zkmyooon19","リアル 笑い止まらん 。"
"2015-06-25 17:26:40 +0900","mnd_______","@Imaichiiiii24   いいとおもうで 。 うん 。 （笑）（笑）（笑）"
"2015-06-25 17:26:41 +0900","_Junta__N","@j_n_criminal   好き 。 って 、言おうと思っただけ ～"
"2015-06-25 17:26:45 +0900","_siicio_2","@m_kun0622 。"
"2015-06-25 17:26:48 +0900","tkhs_23_","@mas_tAka_Nr   .  すーくんとお話したくなっちゃった  。  んふ  ."
"2015-06-25 17:26:50 +0900","kokone88","次は  鬼との 戦いだ 。"
"2015-06-25 17:26:50 +0900","Iyotan__","NGNL OF SRさん最新のNORMAL戦績はJinxで12キル5デス9アシストの敗北です 。 http://t.co/hN3wDXSOeo"
"2015-06-25 17:26:55 +0900","0918_asuka","学校は学校でだるいし、家帰ってきてたら帰ってきたでだるい 。  親とか弟ほんまいらん 。  うざいし、だるいわ 。"
"2015-06-25 17:26:55 +0900","ZZCVZWZZNZUZXXW","@____saakqq   　ひょわ　　‥　　っ　　　　。　(　固　)"
"2015-06-25 17:27:03 +0900","momoomi312367","やばい 2ショットみて ニヤケ止まらん ←  ﾜﾀｼも明日 ﾊﾞｸｽﾃあたるとかゆう 奇跡がおこればいいのに 。"
"2015-06-25 17:27:05 +0900","subkuramotojyuk","#yamadsahyui ← #アメブロ の著者にお知らせ。許可なく私の名前を使用禁止。何度も #警告 。 #シュフティ #ランサーズ 身元不明の #ストーカー http://t.co/hwKJFBGxsD http://t.co/zBPXtqPZXe"
"2015-06-25 17:27:08 +0900","__rinariii__","#ドトール #ママと #レモンパウンドケーキ #ピーチミックスジュース https://t.co/xdAXAGBSUM"
"2015-06-25 17:27:08 +0900","Sk_ayaya","Q.鳥取には何がある？  A.砂丘 (砂) スタバ 二十世紀梨 etc…"
"2015-06-25 17:27:08 +0900","xo_kami","@____T_31   -  -     ｵﾆ桾がでかいだけやろ   ～     身長くれ    。     あ  、知ってたん  ？    良かったわ   ～  -  -"
"2015-06-25 17:27:11 +0900","epr_bLaCk_Ss","苛つき過ぎて可也の塩対応成ってたら済まん  。  何時も塩だけど  ("
"2015-06-25 17:27:14 +0900","_ntx21","▷ 病院何気集中できる！ けど眠い！ふおおおおお 葛藤なう 。  からの80分待ちとか ディズニーかよ〜〜〜"
"2015-06-25 17:27:20 +0900","TRAIN_mtm7","顔の良さを差し置いて圧巻の勝利をおさめるタカシの悪目立ちする歯並び 。 http://t.co/0xdQgfeiIw"
"2015-06-25 17:27:21 +0900","CHIsaCHIsa0630","。   好き だけど    そりゃ 複雑 です よ 。   なんだかな 。   別に して欲しくないわけじゃない んだよな   ただ 知らない ほうが 幸せ だな って  。"
"2015-06-25 17:27:24 +0900","tkhs_23_","@mas_tAka_Nr   .  俺にとってもすーくん大事   、  俺のたった1人の相棒さんだからね  。  ."
"2015-06-25 17:27:30 +0900","natsume8192","ohshi55さん最新のARAM_UNRANKED_5x5戦績はKarthusで9キル4デス29アシストの勝利です 。 http://t.co/7gxT5DVyR1"
"2015-06-25 17:27:32 +0900","renai_zinsei","無理に相手に合わせたり頑張りすぎるんじゃなくてほどほどの気遣いと大部分の素で心地のいい関係になっていくことがいい 。"
"2015-06-25 17:27:32 +0900","_Junta__N","@j_n_criminal   そうそうそう 。 10時半には 、お布団 。 遅くても 、11時には寝る 。"
"2015-06-25 17:27:35 +0900","otatitree","otatilemonさん最新のARAM_UNRANKED_5x5戦績はSivirで10キル7デス27アシストの勝利です 。 http://t.co/asM7ehBFOM"
"2015-06-25 17:27:37 +0900","____Kvnn__o312_","仕事おわり （　＾ω＾） タワレコ寄って 帰ります ～ 。 http://t.co/Gm5sygsRtJ"
"2015-06-25 17:27:40 +0900","___84911","@a_i__no   久々のお仕事おつぽんたろ 。 てるりんしたいけど今日は お疲れであろうからやめとく 。  https://t.co/z4etz9ZToa"
"2015-06-25 17:27:44 +0900","FTK_Luv_Piroka","実は 明日で 国宝組んで １００日目だおおおおおおん 。  基地外な２人についていくのは 大変だけど 国宝が 大好きです 💖（笑） http://t.co/5lLFbiKfZO"
"2015-06-25 17:27:45 +0900","shizushizu20101","JuliJPさん最新のCAP_5x5戦績はEkkoで3キル7デス3アシストの敗北です 。 http://t.co/Khb8KwvYEq"
"2015-06-25 17:27:56 +0900","xxxponchanxxx","@nepia_sky  つまりぽん 。"
"2015-06-25 17:27:58 +0900","_ktymkrs","今日は俺のシンメくんの誕生日  。 いつもありがとう  、 かれしゅけと同じ彼氏botで 本当に嬉しいです  。 たまには浮上合って話したいな 笑 http://t.co/6Y1XjCKh69"
